model,accurary
cnn,0.9910053014755249
svm, 0.914550244808197